City_ID,City,Lat,Lng,Max Temp,Humidity,Cloudiness,Wind Speed,Country,Date
0,New Norfolk,42.3584,-71.0598,57.99,22,4,14.97,US,2021-04-04 22:42:50
1,Kazerun,42.3584,-71.0598,57.99,22,4,14.97,US,2021-04-04 22:42:50
2,Cidreira,42.3584,-71.0598,57.99,22,4,14.97,US,2021-04-04 22:42:50
3,Rikitea,42.3584,-71.0598,57.99,22,4,14.97,US,2021-04-04 22:42:50
4,Ushuaia,42.3584,-71.0598,57.99,22,4,14.97,US,2021-04-04 22:42:50
5,Peace River,42.3584,-71.0598,57.99,22,4,14.97,US,2021-04-04 22:42:50
6,Sentyabrskiy,42.3584,-71.0598,57.99,22,4,14.97,US,2021-04-04 22:42:50
7,Leningradskiy,42.3584,-71.0598,57.99,22,4,14.97,US,2021-04-04 22:42:50
8,Chuy,42.3584,-71.0598,57.99,22,4,14.97,US,2021-04-04 22:42:50
9,Nassau,42.3584,-71.0598,57.99,22,4,14.97,US,2021-04-04 22:42:50
10,Pisco,42.3584,-71.0598,57.99,22,4,14.97,US,2021-04-04 22:42:50
11,Butaritari,42.3584,-71.0598,57.99,22,4,14.97,US,2021-04-04 22:42:50
12,Mackenzie,42.3584,-71.0598,57.99,22,4,14.97,US,2021-04-04 22:42:50
13,Kysyl-Syr,42.3584,-71.0598,57.99,22,4,14.97,US,2021-04-04 22:42:50
14,Hami,42.3584,-71.0598,57.99,22,4,14.97,US,2021-04-04 22:42:50
15,Wanaka,42.3584,-71.0598,57.99,22,4,14.97,US,2021-04-04 22:42:50
16,Castro,42.3584,-71.0598,57.99,22,4,14.97,US,2021-04-04 22:42:50
17,Ivanovka,42.3584,-71.0598,57.99,22,4,14.97,US,2021-04-04 22:42:50
18,Iqaluit,42.3584,-71.0598,57.99,22,4,14.97,US,2021-04-04 22:42:50
19,Kimbe,42.3584,-71.0598,57.99,22,4,14.97,US,2021-04-04 22:42:50
20,Srednekolymsk,42.3584,-71.0598,57.99,22,4,14.97,US,2021-04-04 22:42:50
21,Barentsburg,42.3584,-71.0598,57.99,22,4,14.97,US,2021-04-04 22:42:50
22,Gojo,42.3584,-71.0598,57.99,22,4,14.97,US,2021-04-04 22:42:50
23,Busselton,42.3584,-71.0598,57.99,22,4,14.97,US,2021-04-04 22:42:50
24,Saskylakh,42.3584,-71.0598,57.99,22,4,14.97,US,2021-04-04 22:42:50
25,Nyurba,42.3584,-71.0598,57.99,22,4,14.97,US,2021-04-04 22:42:50
26,Mahibadhoo,42.3584,-71.0598,57.99,22,4,14.97,US,2021-04-04 22:42:50
27,Saint-Francois,42.3584,-71.0598,57.99,22,4,14.97,US,2021-04-04 22:42:50
28,Haines Junction,42.3584,-71.0598,57.99,22,4,14.97,US,2021-04-04 22:42:50
29,Saint-Philippe,42.3584,-71.0598,57.99,22,4,14.97,US,2021-04-04 22:42:50
30,Lasa,42.3584,-71.0598,57.99,22,4,14.97,US,2021-04-04 22:42:50
31,Wenzhou,42.3584,-71.0598,57.99,22,4,14.97,US,2021-04-04 22:42:50
32,Sur,42.3584,-71.0598,57.99,22,4,14.97,US,2021-04-04 22:42:50
33,Miranda De Ebro,42.3584,-71.0598,57.99,22,4,14.97,US,2021-04-04 22:42:50
34,Fort Saint James,42.3584,-71.0598,57.99,22,4,14.97,US,2021-04-04 22:42:50
35,Djibo,42.3584,-71.0598,57.99,22,4,14.97,US,2021-04-04 22:42:50
36,Kudchi,42.3584,-71.0598,57.99,22,4,14.97,US,2021-04-04 22:42:50
37,Punta Arenas,42.3584,-71.0598,57.99,22,4,14.97,US,2021-04-04 22:42:50
38,Qaanaaq,42.3584,-71.0598,57.99,22,4,14.97,US,2021-04-04 22:42:50
39,Cape Town,42.3584,-71.0598,57.99,22,4,14.97,US,2021-04-04 22:42:50
40,Nome,42.3584,-71.0598,57.99,22,4,14.97,US,2021-04-04 22:42:50
41,Port Blair,42.3584,-71.0598,57.99,22,4,14.97,US,2021-04-04 22:42:50
42,Nanortalik,42.3584,-71.0598,57.99,22,4,14.97,US,2021-04-04 22:42:50
43,Georgetown,42.3584,-71.0598,57.99,22,4,14.97,US,2021-04-04 22:42:50
44,Bur Gabo,42.3584,-71.0598,57.99,22,4,14.97,US,2021-04-04 22:42:50
45,Jamestown,42.3584,-71.0598,57.99,22,4,14.97,US,2021-04-04 22:42:50
46,Sanandaj,42.3584,-71.0598,57.99,22,4,14.97,US,2021-04-04 22:42:50
47,Tuktoyaktuk,42.3584,-71.0598,57.99,22,4,14.97,US,2021-04-04 22:42:50
48,Barsovo,42.3584,-71.0598,57.99,22,4,14.97,US,2021-04-04 22:42:50
49,Narsaq,42.3584,-71.0598,57.99,22,4,14.97,US,2021-04-04 22:42:50
50,Shetpe,44.1667,52.1167,46.49,70,8,7.58,KZ,2021-04-04 22:41:15
51,Lebu,44.1667,52.1167,46.49,70,8,7.58,KZ,2021-04-04 22:41:15
52,Mataura,44.1667,52.1167,46.49,70,8,7.58,KZ,2021-04-04 22:41:15
53,Talnakh,44.1667,52.1167,46.49,70,8,7.58,KZ,2021-04-04 22:41:15
54,Cabo San Lucas,44.1667,52.1167,46.49,70,8,7.58,KZ,2021-04-04 22:41:15
55,Puerto Ayora,44.1667,52.1167,46.49,70,8,7.58,KZ,2021-04-04 22:41:15
56,Torbay,44.1667,52.1167,46.49,70,8,7.58,KZ,2021-04-04 22:41:15
57,Xinmin,44.1667,52.1167,46.49,70,8,7.58,KZ,2021-04-04 22:41:15
58,Hithadhoo,44.1667,52.1167,46.49,70,8,7.58,KZ,2021-04-04 22:41:15
59,Xianyang,44.1667,52.1167,46.49,70,8,7.58,KZ,2021-04-04 22:41:15
60,Etla,44.1667,52.1167,46.49,70,8,7.58,KZ,2021-04-04 22:41:15
61,Ruatoria,44.1667,52.1167,46.49,70,8,7.58,KZ,2021-04-04 22:41:15
62,Stephenville,44.1667,52.1167,46.49,70,8,7.58,KZ,2021-04-04 22:41:15
63,Pacific Grove,44.1667,52.1167,46.49,70,8,7.58,KZ,2021-04-04 22:41:15
64,Teya,44.1667,52.1167,46.49,70,8,7.58,KZ,2021-04-04 22:41:15
65,Cherskiy,44.1667,52.1167,46.49,70,8,7.58,KZ,2021-04-04 22:41:15
66,Bengkulu,44.1667,52.1167,46.49,70,8,7.58,KZ,2021-04-04 22:41:15
67,Grand River South East,44.1667,52.1167,46.49,70,8,7.58,KZ,2021-04-04 22:41:15
68,Sibolga,44.1667,52.1167,46.49,70,8,7.58,KZ,2021-04-04 22:41:15
69,Te Anau,44.1667,52.1167,46.49,70,8,7.58,KZ,2021-04-04 22:41:15
70,Nikolskoye,44.1667,52.1167,46.49,70,8,7.58,KZ,2021-04-04 22:41:15
71,General Zuazua,44.1667,52.1167,46.49,70,8,7.58,KZ,2021-04-04 22:41:15
72,Lipin Bor,44.1667,52.1167,46.49,70,8,7.58,KZ,2021-04-04 22:41:15
73,Bredasdorp,44.1667,52.1167,46.49,70,8,7.58,KZ,2021-04-04 22:41:15
74,Furano,44.1667,52.1167,46.49,70,8,7.58,KZ,2021-04-04 22:41:15
75,High Rock,44.1667,52.1167,46.49,70,8,7.58,KZ,2021-04-04 22:41:15
76,Mar Del Plata,44.1667,52.1167,46.49,70,8,7.58,KZ,2021-04-04 22:41:15
77,Ulaanbaatar,44.1667,52.1167,46.49,70,8,7.58,KZ,2021-04-04 22:41:15
78,Tazovskiy,44.1667,52.1167,46.49,70,8,7.58,KZ,2021-04-04 22:41:15
79,Banda Aceh,44.1667,52.1167,46.49,70,8,7.58,KZ,2021-04-04 22:41:15
80,Quimper,44.1667,52.1167,46.49,70,8,7.58,KZ,2021-04-04 22:41:15
81,Port Alfred,44.1667,52.1167,46.49,70,8,7.58,KZ,2021-04-04 22:41:15
82,Bambous Virieux,44.1667,52.1167,46.49,70,8,7.58,KZ,2021-04-04 22:41:15
83,Pevek,44.1667,52.1167,46.49,70,8,7.58,KZ,2021-04-04 22:41:15
84,Sistranda,44.1667,52.1167,46.49,70,8,7.58,KZ,2021-04-04 22:41:15
85,Cairns,44.1667,52.1167,46.49,70,8,7.58,KZ,2021-04-04 22:41:15
86,Hermanus,44.1667,52.1167,46.49,70,8,7.58,KZ,2021-04-04 22:41:15
87,Albany,44.1667,52.1167,46.49,70,8,7.58,KZ,2021-04-04 22:41:15
88,Derzhavinsk,44.1667,52.1167,46.49,70,8,7.58,KZ,2021-04-04 22:41:15
89,Berlevag,44.1667,52.1167,46.49,70,8,7.58,KZ,2021-04-04 22:41:15
90,Obihiro,44.1667,52.1167,46.49,70,8,7.58,KZ,2021-04-04 22:41:15
91,Ancud,44.1667,52.1167,46.49,70,8,7.58,KZ,2021-04-04 22:41:15
92,San Patricio,44.1667,52.1167,46.49,70,8,7.58,KZ,2021-04-04 22:41:15
93,Taburi,44.1667,52.1167,46.49,70,8,7.58,KZ,2021-04-04 22:41:15
94,Alta Floresta,44.1667,52.1167,46.49,70,8,7.58,KZ,2021-04-04 22:41:15
95,Changchun,44.1667,52.1167,46.49,70,8,7.58,KZ,2021-04-04 22:41:15
96,Kapaa,44.1667,52.1167,46.49,70,8,7.58,KZ,2021-04-04 22:41:15
97,Itarema,44.1667,52.1167,46.49,70,8,7.58,KZ,2021-04-04 22:41:15
98,Olafsvik,44.1667,52.1167,46.49,70,8,7.58,KZ,2021-04-04 22:41:15
99,Oranjemund,44.1667,52.1167,46.49,70,8,7.58,KZ,2021-04-04 22:41:15
100,Galesti,46.5167,24.75,37.4,87,20,2.3,RO,2021-04-04 22:45:06
101,Hobart,46.5167,24.75,37.4,87,20,2.3,RO,2021-04-04 22:45:06
102,Ribeira Grande,46.5167,24.75,37.4,87,20,2.3,RO,2021-04-04 22:45:06
103,Port Shepstone,46.5167,24.75,37.4,87,20,2.3,RO,2021-04-04 22:45:06
104,Paka,46.5167,24.75,37.4,87,20,2.3,RO,2021-04-04 22:45:06
105,Severo-Kurilsk,46.5167,24.75,37.4,87,20,2.3,RO,2021-04-04 22:45:06
106,Chippewa Falls,46.5167,24.75,37.4,87,20,2.3,RO,2021-04-04 22:45:06
107,Dikson,46.5167,24.75,37.4,87,20,2.3,RO,2021-04-04 22:45:06
108,Dibulla,46.5167,24.75,37.4,87,20,2.3,RO,2021-04-04 22:45:06
109,Avarua,46.5167,24.75,37.4,87,20,2.3,RO,2021-04-04 22:45:06
110,Bodden Town,46.5167,24.75,37.4,87,20,2.3,RO,2021-04-04 22:45:06
111,Anqiu,46.5167,24.75,37.4,87,20,2.3,RO,2021-04-04 22:45:06
112,Katsuura,46.5167,24.75,37.4,87,20,2.3,RO,2021-04-04 22:45:06
113,Shelopugino,46.5167,24.75,37.4,87,20,2.3,RO,2021-04-04 22:45:06
114,Bonthe,46.5167,24.75,37.4,87,20,2.3,RO,2021-04-04 22:45:06
115,Himora,46.5167,24.75,37.4,87,20,2.3,RO,2021-04-04 22:45:06
116,Amderma,46.5167,24.75,37.4,87,20,2.3,RO,2021-04-04 22:45:06
117,Carnarvon,46.5167,24.75,37.4,87,20,2.3,RO,2021-04-04 22:45:06
118,Mecca,46.5167,24.75,37.4,87,20,2.3,RO,2021-04-04 22:45:06
119,Nizhneyansk,46.5167,24.75,37.4,87,20,2.3,RO,2021-04-04 22:45:06
120,Yellowknife,46.5167,24.75,37.4,87,20,2.3,RO,2021-04-04 22:45:06
121,Winder,46.5167,24.75,37.4,87,20,2.3,RO,2021-04-04 22:45:06
122,Amahai,46.5167,24.75,37.4,87,20,2.3,RO,2021-04-04 22:45:06
123,Sfantu Gheorghe,46.5167,24.75,37.4,87,20,2.3,RO,2021-04-04 22:45:06
124,Flinders,46.5167,24.75,37.4,87,20,2.3,RO,2021-04-04 22:45:06
125,Vardo,46.5167,24.75,37.4,87,20,2.3,RO,2021-04-04 22:45:06
126,Luganville,46.5167,24.75,37.4,87,20,2.3,RO,2021-04-04 22:45:06
127,Tual,46.5167,24.75,37.4,87,20,2.3,RO,2021-04-04 22:45:06
128,Sitka,46.5167,24.75,37.4,87,20,2.3,RO,2021-04-04 22:45:06
129,Graaff-Reinet,46.5167,24.75,37.4,87,20,2.3,RO,2021-04-04 22:45:06
130,Arraial Do Cabo,46.5167,24.75,37.4,87,20,2.3,RO,2021-04-04 22:45:06
131,Tsihombe,46.5167,24.75,37.4,87,20,2.3,RO,2021-04-04 22:45:06
132,Touros,46.5167,24.75,37.4,87,20,2.3,RO,2021-04-04 22:45:06
133,Ostrovnoy,46.5167,24.75,37.4,87,20,2.3,RO,2021-04-04 22:45:06
134,Kargat,46.5167,24.75,37.4,87,20,2.3,RO,2021-04-04 22:45:06
135,Atuona,46.5167,24.75,37.4,87,20,2.3,RO,2021-04-04 22:45:06
136,Taolanaro,46.5167,24.75,37.4,87,20,2.3,RO,2021-04-04 22:45:06
137,Fortuna,46.5167,24.75,37.4,87,20,2.3,RO,2021-04-04 22:45:06
138,Kaitangata,46.5167,24.75,37.4,87,20,2.3,RO,2021-04-04 22:45:06
139,Isangel,46.5167,24.75,37.4,87,20,2.3,RO,2021-04-04 22:45:06
140,Antalaha,46.5167,24.75,37.4,87,20,2.3,RO,2021-04-04 22:45:06
141,Agucadoura,46.5167,24.75,37.4,87,20,2.3,RO,2021-04-04 22:45:06
142,Vaini,46.5167,24.75,37.4,87,20,2.3,RO,2021-04-04 22:45:06
143,Tapes,46.5167,24.75,37.4,87,20,2.3,RO,2021-04-04 22:45:06
144,Murgab,46.5167,24.75,37.4,87,20,2.3,RO,2021-04-04 22:45:06
145,Zwickau,46.5167,24.75,37.4,87,20,2.3,RO,2021-04-04 22:45:06
146,Karauzyak,46.5167,24.75,37.4,87,20,2.3,RO,2021-04-04 22:45:06
147,Sorong,46.5167,24.75,37.4,87,20,2.3,RO,2021-04-04 22:45:06
148,Soyo,46.5167,24.75,37.4,87,20,2.3,RO,2021-04-04 22:45:06
149,Jutai,46.5167,24.75,37.4,87,20,2.3,RO,2021-04-04 22:45:06
150,Sao Filipe,14.8961,-24.4956,73.13,75,6,6.51,CV,2021-04-04 22:45:12
151,Sarh,14.8961,-24.4956,73.13,75,6,6.51,CV,2021-04-04 22:45:12
152,Gat,14.8961,-24.4956,73.13,75,6,6.51,CV,2021-04-04 22:45:12
153,Schwandorf,14.8961,-24.4956,73.13,75,6,6.51,CV,2021-04-04 22:45:12
154,Ilo,14.8961,-24.4956,73.13,75,6,6.51,CV,2021-04-04 22:45:12
155,Fairbanks,14.8961,-24.4956,73.13,75,6,6.51,CV,2021-04-04 22:45:12
156,Matadi,14.8961,-24.4956,73.13,75,6,6.51,CV,2021-04-04 22:45:12
157,Pundaguitan,14.8961,-24.4956,73.13,75,6,6.51,CV,2021-04-04 22:45:12
158,East London,14.8961,-24.4956,73.13,75,6,6.51,CV,2021-04-04 22:45:12
159,Yerbogachen,14.8961,-24.4956,73.13,75,6,6.51,CV,2021-04-04 22:45:12
160,Makat,14.8961,-24.4956,73.13,75,6,6.51,CV,2021-04-04 22:45:12
161,Faanui,14.8961,-24.4956,73.13,75,6,6.51,CV,2021-04-04 22:45:12
162,Jerome,14.8961,-24.4956,73.13,75,6,6.51,CV,2021-04-04 22:45:12
163,Goumeron,14.8961,-24.4956,73.13,75,6,6.51,CV,2021-04-04 22:45:12
164,Hervey Bay,14.8961,-24.4956,73.13,75,6,6.51,CV,2021-04-04 22:45:12
165,Skibbereen,14.8961,-24.4956,73.13,75,6,6.51,CV,2021-04-04 22:45:12
166,Waipawa,14.8961,-24.4956,73.13,75,6,6.51,CV,2021-04-04 22:45:12
167,Tacoronte,14.8961,-24.4956,73.13,75,6,6.51,CV,2021-04-04 22:45:12
168,Cockburn Town,14.8961,-24.4956,73.13,75,6,6.51,CV,2021-04-04 22:45:12
169,Hefei,14.8961,-24.4956,73.13,75,6,6.51,CV,2021-04-04 22:45:12
170,Hilo,14.8961,-24.4956,73.13,75,6,6.51,CV,2021-04-04 22:45:12
171,Kidal,14.8961,-24.4956,73.13,75,6,6.51,CV,2021-04-04 22:45:12
172,Broome,14.8961,-24.4956,73.13,75,6,6.51,CV,2021-04-04 22:45:12
173,Rekhasim,14.8961,-24.4956,73.13,75,6,6.51,CV,2021-04-04 22:45:12
174,Puri,14.8961,-24.4956,73.13,75,6,6.51,CV,2021-04-04 22:45:12
175,Wainwright,14.8961,-24.4956,73.13,75,6,6.51,CV,2021-04-04 22:45:12
176,Usagara,14.8961,-24.4956,73.13,75,6,6.51,CV,2021-04-04 22:45:12
177,Alice Springs,14.8961,-24.4956,73.13,75,6,6.51,CV,2021-04-04 22:45:12
178,Taunggyi,14.8961,-24.4956,73.13,75,6,6.51,CV,2021-04-04 22:45:12
179,Aquiraz,14.8961,-24.4956,73.13,75,6,6.51,CV,2021-04-04 22:45:12
180,Port Lincoln,14.8961,-24.4956,73.13,75,6,6.51,CV,2021-04-04 22:45:12
181,Lavrentiya,14.8961,-24.4956,73.13,75,6,6.51,CV,2021-04-04 22:45:12
182,Norman Wells,14.8961,-24.4956,73.13,75,6,6.51,CV,2021-04-04 22:45:12
183,Aldan,14.8961,-24.4956,73.13,75,6,6.51,CV,2021-04-04 22:45:12
184,Lagoa,14.8961,-24.4956,73.13,75,6,6.51,CV,2021-04-04 22:45:12
185,Sechura,14.8961,-24.4956,73.13,75,6,6.51,CV,2021-04-04 22:45:12
186,Esperance,14.8961,-24.4956,73.13,75,6,6.51,CV,2021-04-04 22:45:12
187,Kruisfontein,14.8961,-24.4956,73.13,75,6,6.51,CV,2021-04-04 22:45:12
188,Sao Felix Do Xingu,14.8961,-24.4956,73.13,75,6,6.51,CV,2021-04-04 22:45:12
189,Mbulu,14.8961,-24.4956,73.13,75,6,6.51,CV,2021-04-04 22:45:12
190,Samarai,14.8961,-24.4956,73.13,75,6,6.51,CV,2021-04-04 22:45:12
191,Bluff,14.8961,-24.4956,73.13,75,6,6.51,CV,2021-04-04 22:45:12
192,Tunduru,14.8961,-24.4956,73.13,75,6,6.51,CV,2021-04-04 22:45:12
193,Ilulissat,14.8961,-24.4956,73.13,75,6,6.51,CV,2021-04-04 22:45:12
194,Dingle,14.8961,-24.4956,73.13,75,6,6.51,CV,2021-04-04 22:45:12
195,Karaton,14.8961,-24.4956,73.13,75,6,6.51,CV,2021-04-04 22:45:12
196,Zarechnyy,14.8961,-24.4956,73.13,75,6,6.51,CV,2021-04-04 22:45:12
197,Hornepayne,14.8961,-24.4956,73.13,75,6,6.51,CV,2021-04-04 22:45:12
198,Aginskoye,14.8961,-24.4956,73.13,75,6,6.51,CV,2021-04-04 22:45:12
199,Baruun-Urt,14.8961,-24.4956,73.13,75,6,6.51,CV,2021-04-04 22:45:12
200,Mitsamiouli,-11.3847,43.2844,81.86,75,40,7.07,KM,2021-04-04 22:45:15
201,Chase,-11.3847,43.2844,81.86,75,40,7.07,KM,2021-04-04 22:45:15
202,Rocha,-11.3847,43.2844,81.86,75,40,7.07,KM,2021-04-04 22:45:15
203,Suleja,-11.3847,43.2844,81.86,75,40,7.07,KM,2021-04-04 22:45:15
204,Vestmannaeyjar,-11.3847,43.2844,81.86,75,40,7.07,KM,2021-04-04 22:45:15
205,Pauini,-11.3847,43.2844,81.86,75,40,7.07,KM,2021-04-04 22:45:15
206,Upernavik,-11.3847,43.2844,81.86,75,40,7.07,KM,2021-04-04 22:45:15
207,Kholodnyy,-11.3847,43.2844,81.86,75,40,7.07,KM,2021-04-04 22:45:15
208,Inhambane,-11.3847,43.2844,81.86,75,40,7.07,KM,2021-04-04 22:45:15
209,Great Bend,-11.3847,43.2844,81.86,75,40,7.07,KM,2021-04-04 22:45:15
210,Trelew,-11.3847,43.2844,81.86,75,40,7.07,KM,2021-04-04 22:45:15
211,Prince Rupert,-11.3847,43.2844,81.86,75,40,7.07,KM,2021-04-04 22:45:15
212,Ivanishchi,-11.3847,43.2844,81.86,75,40,7.07,KM,2021-04-04 22:45:15
213,Berdigestyakh,-11.3847,43.2844,81.86,75,40,7.07,KM,2021-04-04 22:45:15
214,Morehead,-11.3847,43.2844,81.86,75,40,7.07,KM,2021-04-04 22:45:15
215,Nisia Floresta,-11.3847,43.2844,81.86,75,40,7.07,KM,2021-04-04 22:45:15
216,Salalah,-11.3847,43.2844,81.86,75,40,7.07,KM,2021-04-04 22:45:15
217,Maningrida,-11.3847,43.2844,81.86,75,40,7.07,KM,2021-04-04 22:45:15
218,Along,-11.3847,43.2844,81.86,75,40,7.07,KM,2021-04-04 22:45:15
219,San Carlos,-11.3847,43.2844,81.86,75,40,7.07,KM,2021-04-04 22:45:15
220,Macaboboni,-11.3847,43.2844,81.86,75,40,7.07,KM,2021-04-04 22:45:15
221,Podgornoye,-11.3847,43.2844,81.86,75,40,7.07,KM,2021-04-04 22:45:15
222,Havre-Saint-Pierre,-11.3847,43.2844,81.86,75,40,7.07,KM,2021-04-04 22:45:15
223,Sampaloc,-11.3847,43.2844,81.86,75,40,7.07,KM,2021-04-04 22:45:15
224,Los Llanos De Aridane,-11.3847,43.2844,81.86,75,40,7.07,KM,2021-04-04 22:45:15
225,Attawapiskat,-11.3847,43.2844,81.86,75,40,7.07,KM,2021-04-04 22:45:15
226,Linjiang,-11.3847,43.2844,81.86,75,40,7.07,KM,2021-04-04 22:45:15
227,Plover,-11.3847,43.2844,81.86,75,40,7.07,KM,2021-04-04 22:45:15
228,Mount Isa,-11.3847,43.2844,81.86,75,40,7.07,KM,2021-04-04 22:45:15
229,Hasaki,-11.3847,43.2844,81.86,75,40,7.07,KM,2021-04-04 22:45:15
230,Bethel,-11.3847,43.2844,81.86,75,40,7.07,KM,2021-04-04 22:45:15
231,Lingyuan,-11.3847,43.2844,81.86,75,40,7.07,KM,2021-04-04 22:45:15
232,Petropavlovsk-Kamchatskiy,-11.3847,43.2844,81.86,75,40,7.07,KM,2021-04-04 22:45:15
233,Tasiilaq,-11.3847,43.2844,81.86,75,40,7.07,KM,2021-04-04 22:45:15
234,Colares,-11.3847,43.2844,81.86,75,40,7.07,KM,2021-04-04 22:45:15
235,Gorahun,-11.3847,43.2844,81.86,75,40,7.07,KM,2021-04-04 22:45:15
236,San Policarpo,-11.3847,43.2844,81.86,75,40,7.07,KM,2021-04-04 22:45:15
237,Arrifes,-11.3847,43.2844,81.86,75,40,7.07,KM,2021-04-04 22:45:15
238,Fier,-11.3847,43.2844,81.86,75,40,7.07,KM,2021-04-04 22:45:15
239,Mercedes,-11.3847,43.2844,81.86,75,40,7.07,KM,2021-04-04 22:45:15
240,Alamos,-11.3847,43.2844,81.86,75,40,7.07,KM,2021-04-04 22:45:15
241,Clyde River,-11.3847,43.2844,81.86,75,40,7.07,KM,2021-04-04 22:45:15
242,Batemans Bay,-11.3847,43.2844,81.86,75,40,7.07,KM,2021-04-04 22:45:15
243,High Level,-11.3847,43.2844,81.86,75,40,7.07,KM,2021-04-04 22:45:15
244,Maragogi,-11.3847,43.2844,81.86,75,40,7.07,KM,2021-04-04 22:45:15
245,Ishigaki,-11.3847,43.2844,81.86,75,40,7.07,KM,2021-04-04 22:45:15
246,Susanville,-11.3847,43.2844,81.86,75,40,7.07,KM,2021-04-04 22:45:15
247,Goure,-11.3847,43.2844,81.86,75,40,7.07,KM,2021-04-04 22:45:15
248,Iracoubo,-11.3847,43.2844,81.86,75,40,7.07,KM,2021-04-04 22:45:15
249,Aklavik,-11.3847,43.2844,81.86,75,40,7.07,KM,2021-04-04 22:45:15
250,Donskoye,45.4552,41.9741,50.0,76,0,6.71,RU,2021-04-04 22:45:15
251,Turbat,45.4552,41.9741,50.0,76,0,6.71,RU,2021-04-04 22:45:15
252,Olinda,45.4552,41.9741,50.0,76,0,6.71,RU,2021-04-04 22:45:15
253,Bud,45.4552,41.9741,50.0,76,0,6.71,RU,2021-04-04 22:45:15
254,Umzimvubu,45.4552,41.9741,50.0,76,0,6.71,RU,2021-04-04 22:45:15
255,Changli,45.4552,41.9741,50.0,76,0,6.71,RU,2021-04-04 22:45:15
256,Isla Vista,45.4552,41.9741,50.0,76,0,6.71,RU,2021-04-04 22:45:15
257,Grand Gaube,45.4552,41.9741,50.0,76,0,6.71,RU,2021-04-04 22:45:15
258,Morondava,45.4552,41.9741,50.0,76,0,6.71,RU,2021-04-04 22:45:15
259,Maues,45.4552,41.9741,50.0,76,0,6.71,RU,2021-04-04 22:45:15
260,Pangnirtung,45.4552,41.9741,50.0,76,0,6.71,RU,2021-04-04 22:45:15
261,Mogadishu,45.4552,41.9741,50.0,76,0,6.71,RU,2021-04-04 22:45:15
262,Kieta,45.4552,41.9741,50.0,76,0,6.71,RU,2021-04-04 22:45:15
263,Hirara,45.4552,41.9741,50.0,76,0,6.71,RU,2021-04-04 22:45:15
264,Port Hedland,45.4552,41.9741,50.0,76,0,6.71,RU,2021-04-04 22:45:15
265,Nouadhibou,45.4552,41.9741,50.0,76,0,6.71,RU,2021-04-04 22:45:15
266,Sinnamary,45.4552,41.9741,50.0,76,0,6.71,RU,2021-04-04 22:45:15
267,Seguela,45.4552,41.9741,50.0,76,0,6.71,RU,2021-04-04 22:45:15
268,San Cristobal,45.4552,41.9741,50.0,76,0,6.71,RU,2021-04-04 22:45:15
269,Maniitsoq,45.4552,41.9741,50.0,76,0,6.71,RU,2021-04-04 22:45:15
270,Hailey,45.4552,41.9741,50.0,76,0,6.71,RU,2021-04-04 22:45:15
271,Khatanga,45.4552,41.9741,50.0,76,0,6.71,RU,2021-04-04 22:45:15
272,Gazimurskiy Zavod,45.4552,41.9741,50.0,76,0,6.71,RU,2021-04-04 22:45:15
273,Yeniseysk,45.4552,41.9741,50.0,76,0,6.71,RU,2021-04-04 22:45:15
274,Kuytun,45.4552,41.9741,50.0,76,0,6.71,RU,2021-04-04 22:45:15
275,Talaya,45.4552,41.9741,50.0,76,0,6.71,RU,2021-04-04 22:45:15
276,Hambantota,45.4552,41.9741,50.0,76,0,6.71,RU,2021-04-04 22:45:15
277,Bhag,45.4552,41.9741,50.0,76,0,6.71,RU,2021-04-04 22:45:15
278,Praia,45.4552,41.9741,50.0,76,0,6.71,RU,2021-04-04 22:45:15
279,Karkaralinsk,45.4552,41.9741,50.0,76,0,6.71,RU,2021-04-04 22:45:15
280,Sorland,45.4552,41.9741,50.0,76,0,6.71,RU,2021-04-04 22:45:15
281,Talcahuano,45.4552,41.9741,50.0,76,0,6.71,RU,2021-04-04 22:45:15
282,Grand Island,45.4552,41.9741,50.0,76,0,6.71,RU,2021-04-04 22:45:15
283,Porto Novo,45.4552,41.9741,50.0,76,0,6.71,RU,2021-04-04 22:45:15
284,Eyrarbakki,45.4552,41.9741,50.0,76,0,6.71,RU,2021-04-04 22:45:15
285,Toliary,45.4552,41.9741,50.0,76,0,6.71,RU,2021-04-04 22:45:15
286,Lokosovo,45.4552,41.9741,50.0,76,0,6.71,RU,2021-04-04 22:45:15
287,Kodiak,45.4552,41.9741,50.0,76,0,6.71,RU,2021-04-04 22:45:15
288,Veraval,45.4552,41.9741,50.0,76,0,6.71,RU,2021-04-04 22:45:15
289,Kattivakkam,45.4552,41.9741,50.0,76,0,6.71,RU,2021-04-04 22:45:15
290,Borovoy,45.4552,41.9741,50.0,76,0,6.71,RU,2021-04-04 22:45:15
291,Ivanava,45.4552,41.9741,50.0,76,0,6.71,RU,2021-04-04 22:45:15
292,Kalmunai,45.4552,41.9741,50.0,76,0,6.71,RU,2021-04-04 22:45:15
293,Glebychevo,45.4552,41.9741,50.0,76,0,6.71,RU,2021-04-04 22:45:15
294,Coihaique,45.4552,41.9741,50.0,76,0,6.71,RU,2021-04-04 22:45:15
295,Kralendijk,45.4552,41.9741,50.0,76,0,6.71,RU,2021-04-04 22:45:15
296,Phangnga,45.4552,41.9741,50.0,76,0,6.71,RU,2021-04-04 22:45:15
297,Comodoro Rivadavia,45.4552,41.9741,50.0,76,0,6.71,RU,2021-04-04 22:45:15
298,Longyearbyen,45.4552,41.9741,50.0,76,0,6.71,RU,2021-04-04 22:45:15
299,Marawi,45.4552,41.9741,50.0,76,0,6.71,RU,2021-04-04 22:45:15
300,Mahanoro,-19.9,48.8,75.51,93,48,6.85,MG,2021-04-04 22:45:22
301,Moa,-19.9,48.8,75.51,93,48,6.85,MG,2021-04-04 22:45:22
302,Labuhan,-19.9,48.8,75.51,93,48,6.85,MG,2021-04-04 22:45:22
303,Samalaeulu,-19.9,48.8,75.51,93,48,6.85,MG,2021-04-04 22:45:22
304,Saint George,-19.9,48.8,75.51,93,48,6.85,MG,2021-04-04 22:45:22
305,Lamu,-19.9,48.8,75.51,93,48,6.85,MG,2021-04-04 22:45:22
306,Heishan,-19.9,48.8,75.51,93,48,6.85,MG,2021-04-04 22:45:22
307,Ridgecrest,-19.9,48.8,75.51,93,48,6.85,MG,2021-04-04 22:45:22
308,Buqayq,-19.9,48.8,75.51,93,48,6.85,MG,2021-04-04 22:45:22
309,Plettenberg Bay,-19.9,48.8,75.51,93,48,6.85,MG,2021-04-04 22:45:22
310,Ureshino,-19.9,48.8,75.51,93,48,6.85,MG,2021-04-04 22:45:22
311,Tiksi,-19.9,48.8,75.51,93,48,6.85,MG,2021-04-04 22:45:22
312,Port Keats,-19.9,48.8,75.51,93,48,6.85,MG,2021-04-04 22:45:22
313,Kavieng,-19.9,48.8,75.51,93,48,6.85,MG,2021-04-04 22:45:22
314,Dingli,-19.9,48.8,75.51,93,48,6.85,MG,2021-04-04 22:45:22
315,Pleasant Point,-19.9,48.8,75.51,93,48,6.85,MG,2021-04-04 22:45:22
316,Bilma,-19.9,48.8,75.51,93,48,6.85,MG,2021-04-04 22:45:22
317,Abhar,-19.9,48.8,75.51,93,48,6.85,MG,2021-04-04 22:45:22
318,Matagami,-19.9,48.8,75.51,93,48,6.85,MG,2021-04-04 22:45:22
319,Mae Hong Son,-19.9,48.8,75.51,93,48,6.85,MG,2021-04-04 22:45:22
320,Ukiah,-19.9,48.8,75.51,93,48,6.85,MG,2021-04-04 22:45:22
321,Portland,-19.9,48.8,75.51,93,48,6.85,MG,2021-04-04 22:45:22
322,Vaitupu,-19.9,48.8,75.51,93,48,6.85,MG,2021-04-04 22:45:22
323,Victoria,-19.9,48.8,75.51,93,48,6.85,MG,2021-04-04 22:45:22
324,Karaul,-19.9,48.8,75.51,93,48,6.85,MG,2021-04-04 22:45:22
325,Kampene,-19.9,48.8,75.51,93,48,6.85,MG,2021-04-04 22:45:22
326,Lalibela,-19.9,48.8,75.51,93,48,6.85,MG,2021-04-04 22:45:22
327,Kirovskiy,-19.9,48.8,75.51,93,48,6.85,MG,2021-04-04 22:45:22
328,Saint-Pierre,-19.9,48.8,75.51,93,48,6.85,MG,2021-04-04 22:45:22
329,Nanchong,-19.9,48.8,75.51,93,48,6.85,MG,2021-04-04 22:45:22
330,Moyo,-19.9,48.8,75.51,93,48,6.85,MG,2021-04-04 22:45:22
331,Richards Bay,-19.9,48.8,75.51,93,48,6.85,MG,2021-04-04 22:45:22
332,Togur,-19.9,48.8,75.51,93,48,6.85,MG,2021-04-04 22:45:22
333,Kaoma,-19.9,48.8,75.51,93,48,6.85,MG,2021-04-04 22:45:22
334,Corrente,-19.9,48.8,75.51,93,48,6.85,MG,2021-04-04 22:45:22
335,Mys Shmidta,-19.9,48.8,75.51,93,48,6.85,MG,2021-04-04 22:45:22
336,Cervo,-19.9,48.8,75.51,93,48,6.85,MG,2021-04-04 22:45:22
337,Asau,-19.9,48.8,75.51,93,48,6.85,MG,2021-04-04 22:45:22
338,Tingi,-19.9,48.8,75.51,93,48,6.85,MG,2021-04-04 22:45:22
339,Monki,-19.9,48.8,75.51,93,48,6.85,MG,2021-04-04 22:45:22
340,Salina Cruz,-19.9,48.8,75.51,93,48,6.85,MG,2021-04-04 22:45:22
341,Tuatapere,-19.9,48.8,75.51,93,48,6.85,MG,2021-04-04 22:45:22
342,Lakota,-19.9,48.8,75.51,93,48,6.85,MG,2021-04-04 22:45:22
343,Lata,-19.9,48.8,75.51,93,48,6.85,MG,2021-04-04 22:45:22
344,Selikhino,-19.9,48.8,75.51,93,48,6.85,MG,2021-04-04 22:45:22
345,Iberia,-19.9,48.8,75.51,93,48,6.85,MG,2021-04-04 22:45:22
346,Mareeba,-19.9,48.8,75.51,93,48,6.85,MG,2021-04-04 22:45:22
347,Nantucket,-19.9,48.8,75.51,93,48,6.85,MG,2021-04-04 22:45:22
348,Conde,-19.9,48.8,75.51,93,48,6.85,MG,2021-04-04 22:45:22
349,Rio Gallegos,-19.9,48.8,75.51,93,48,6.85,MG,2021-04-04 22:45:22
350,Yulara,-25.2406,130.9889,64.4,48,0,5.75,AU,2021-04-04 22:42:35
351,Katobu,-25.2406,130.9889,64.4,48,0,5.75,AU,2021-04-04 22:42:35
352,Leirvik,-25.2406,130.9889,64.4,48,0,5.75,AU,2021-04-04 22:42:35
353,Shchelyayur,-25.2406,130.9889,64.4,48,0,5.75,AU,2021-04-04 22:42:35
354,Magole,-25.2406,130.9889,64.4,48,0,5.75,AU,2021-04-04 22:42:35
355,Waingapu,-25.2406,130.9889,64.4,48,0,5.75,AU,2021-04-04 22:42:35
356,Mizpe Ramon,-25.2406,130.9889,64.4,48,0,5.75,AU,2021-04-04 22:42:35
357,Saint Pete Beach,-25.2406,130.9889,64.4,48,0,5.75,AU,2021-04-04 22:42:35
358,Toledo,-25.2406,130.9889,64.4,48,0,5.75,AU,2021-04-04 22:42:35
359,Honningsvag,-25.2406,130.9889,64.4,48,0,5.75,AU,2021-04-04 22:42:35
360,Maceio,-25.2406,130.9889,64.4,48,0,5.75,AU,2021-04-04 22:42:35
361,Effingham,-25.2406,130.9889,64.4,48,0,5.75,AU,2021-04-04 22:42:35
362,Aleksandrov Gay,-25.2406,130.9889,64.4,48,0,5.75,AU,2021-04-04 22:42:35
363,Macapa,-25.2406,130.9889,64.4,48,0,5.75,AU,2021-04-04 22:42:35
364,Rovaniemi,-25.2406,130.9889,64.4,48,0,5.75,AU,2021-04-04 22:42:35
365,Sao Jose Da Coroa Grande,-25.2406,130.9889,64.4,48,0,5.75,AU,2021-04-04 22:42:35
366,Padang,-25.2406,130.9889,64.4,48,0,5.75,AU,2021-04-04 22:42:35
367,Edgewater,-25.2406,130.9889,64.4,48,0,5.75,AU,2021-04-04 22:42:35
368,Point Pleasant,-25.2406,130.9889,64.4,48,0,5.75,AU,2021-04-04 22:42:35
369,Parras,-25.2406,130.9889,64.4,48,0,5.75,AU,2021-04-04 22:42:35
370,Osypenko,-25.2406,130.9889,64.4,48,0,5.75,AU,2021-04-04 22:42:35
371,Airai,-25.2406,130.9889,64.4,48,0,5.75,AU,2021-04-04 22:42:35
372,Daru,-25.2406,130.9889,64.4,48,0,5.75,AU,2021-04-04 22:42:35
373,Louis Trichardt,-25.2406,130.9889,64.4,48,0,5.75,AU,2021-04-04 22:42:35
374,Mehamn,-25.2406,130.9889,64.4,48,0,5.75,AU,2021-04-04 22:42:35
375,Ciras,-25.2406,130.9889,64.4,48,0,5.75,AU,2021-04-04 22:42:35
376,Lucapa,-25.2406,130.9889,64.4,48,0,5.75,AU,2021-04-04 22:42:35
377,Vao,-25.2406,130.9889,64.4,48,0,5.75,AU,2021-04-04 22:42:35
378,Porto Murtinho,-25.2406,130.9889,64.4,48,0,5.75,AU,2021-04-04 22:42:35
379,Vengerovo,-25.2406,130.9889,64.4,48,0,5.75,AU,2021-04-04 22:42:35
380,Kirando,-25.2406,130.9889,64.4,48,0,5.75,AU,2021-04-04 22:42:35
381,Kenai,-25.2406,130.9889,64.4,48,0,5.75,AU,2021-04-04 22:42:35
382,North Platte,-25.2406,130.9889,64.4,48,0,5.75,AU,2021-04-04 22:42:35
383,Laela,-25.2406,130.9889,64.4,48,0,5.75,AU,2021-04-04 22:42:35
384,Providencia,-25.2406,130.9889,64.4,48,0,5.75,AU,2021-04-04 22:42:35
385,Kungurtug,-25.2406,130.9889,64.4,48,0,5.75,AU,2021-04-04 22:42:35
386,Tumannyy,-25.2406,130.9889,64.4,48,0,5.75,AU,2021-04-04 22:42:35
387,Deputatskiy,-25.2406,130.9889,64.4,48,0,5.75,AU,2021-04-04 22:42:35
388,Vostok,-25.2406,130.9889,64.4,48,0,5.75,AU,2021-04-04 22:42:35
389,Bar Harbor,-25.2406,130.9889,64.4,48,0,5.75,AU,2021-04-04 22:42:35
390,Raudeberg,-25.2406,130.9889,64.4,48,0,5.75,AU,2021-04-04 22:42:35
391,Wajima,-25.2406,130.9889,64.4,48,0,5.75,AU,2021-04-04 22:42:35
392,Ballina,-25.2406,130.9889,64.4,48,0,5.75,AU,2021-04-04 22:42:35
393,Mala Kladusa,-25.2406,130.9889,64.4,48,0,5.75,AU,2021-04-04 22:42:35
394,Kibi,-25.2406,130.9889,64.4,48,0,5.75,AU,2021-04-04 22:42:35
395,Takoradi,-25.2406,130.9889,64.4,48,0,5.75,AU,2021-04-04 22:42:35
396,Huarmey,-25.2406,130.9889,64.4,48,0,5.75,AU,2021-04-04 22:42:35
397,Arlit,-25.2406,130.9889,64.4,48,0,5.75,AU,2021-04-04 22:42:35
398,Qasigiannguit,-25.2406,130.9889,64.4,48,0,5.75,AU,2021-04-04 22:42:35
399,Havoysund,-25.2406,130.9889,64.4,48,0,5.75,AU,2021-04-04 22:42:35
400,Marsa Matruh,31.3525,27.2453,64.4,39,0,8.05,EG,2021-04-04 22:45:28
401,Granja,31.3525,27.2453,64.4,39,0,8.05,EG,2021-04-04 22:45:28
402,Zyryanka,31.3525,27.2453,64.4,39,0,8.05,EG,2021-04-04 22:45:28
403,Turayf,31.3525,27.2453,64.4,39,0,8.05,EG,2021-04-04 22:45:28
404,Belushya Guba,31.3525,27.2453,64.4,39,0,8.05,EG,2021-04-04 22:45:28
405,Shambu,31.3525,27.2453,64.4,39,0,8.05,EG,2021-04-04 22:45:28
406,Fortuna Foothills,31.3525,27.2453,64.4,39,0,8.05,EG,2021-04-04 22:45:28
407,Adamantina,31.3525,27.2453,64.4,39,0,8.05,EG,2021-04-04 22:45:28
408,Itoman,31.3525,27.2453,64.4,39,0,8.05,EG,2021-04-04 22:45:28
409,Cayenne,31.3525,27.2453,64.4,39,0,8.05,EG,2021-04-04 22:45:28
410,Minudasht,31.3525,27.2453,64.4,39,0,8.05,EG,2021-04-04 22:45:28
411,Port-Gentil,31.3525,27.2453,64.4,39,0,8.05,EG,2021-04-04 22:45:28
412,Drayton Valley,31.3525,27.2453,64.4,39,0,8.05,EG,2021-04-04 22:45:28
413,Puerto Del Rosario,31.3525,27.2453,64.4,39,0,8.05,EG,2021-04-04 22:45:28
414,Oxapampa,31.3525,27.2453,64.4,39,0,8.05,EG,2021-04-04 22:45:28
415,Strand,31.3525,27.2453,64.4,39,0,8.05,EG,2021-04-04 22:45:28
416,Jalu,31.3525,27.2453,64.4,39,0,8.05,EG,2021-04-04 22:45:28
417,Parabel,31.3525,27.2453,64.4,39,0,8.05,EG,2021-04-04 22:45:28
418,Ust-Nera,31.3525,27.2453,64.4,39,0,8.05,EG,2021-04-04 22:45:28
419,Zhuhai,31.3525,27.2453,64.4,39,0,8.05,EG,2021-04-04 22:45:28
420,Sinkat,31.3525,27.2453,64.4,39,0,8.05,EG,2021-04-04 22:45:28
421,Sabang,31.3525,27.2453,64.4,39,0,8.05,EG,2021-04-04 22:45:28
422,Pangody,31.3525,27.2453,64.4,39,0,8.05,EG,2021-04-04 22:45:28
423,Quatre Cocos,31.3525,27.2453,64.4,39,0,8.05,EG,2021-04-04 22:45:28
424,Howard,31.3525,27.2453,64.4,39,0,8.05,EG,2021-04-04 22:45:28
425,Tarko-Sale,31.3525,27.2453,64.4,39,0,8.05,EG,2021-04-04 22:45:28
426,Aflu,31.3525,27.2453,64.4,39,0,8.05,EG,2021-04-04 22:45:28
427,Shu,31.3525,27.2453,64.4,39,0,8.05,EG,2021-04-04 22:45:28
428,Sarab,31.3525,27.2453,64.4,39,0,8.05,EG,2021-04-04 22:45:28
429,China,31.3525,27.2453,64.4,39,0,8.05,EG,2021-04-04 22:45:28
430,Gazli,31.3525,27.2453,64.4,39,0,8.05,EG,2021-04-04 22:45:28
431,Tahe,31.3525,27.2453,64.4,39,0,8.05,EG,2021-04-04 22:45:28
432,Araouane,31.3525,27.2453,64.4,39,0,8.05,EG,2021-04-04 22:45:28
433,Munster,31.3525,27.2453,64.4,39,0,8.05,EG,2021-04-04 22:45:28
434,Tambaliza,31.3525,27.2453,64.4,39,0,8.05,EG,2021-04-04 22:45:28
435,Pestovo,31.3525,27.2453,64.4,39,0,8.05,EG,2021-04-04 22:45:28
436,Oxchuc,31.3525,27.2453,64.4,39,0,8.05,EG,2021-04-04 22:45:28
437,Lancaster,31.3525,27.2453,64.4,39,0,8.05,EG,2021-04-04 22:45:28
438,Ambunti,31.3525,27.2453,64.4,39,0,8.05,EG,2021-04-04 22:45:28
439,Naze,31.3525,27.2453,64.4,39,0,8.05,EG,2021-04-04 22:45:28
440,Hofn,31.3525,27.2453,64.4,39,0,8.05,EG,2021-04-04 22:45:28
441,Constitucion,31.3525,27.2453,64.4,39,0,8.05,EG,2021-04-04 22:45:28
442,Penzance,31.3525,27.2453,64.4,39,0,8.05,EG,2021-04-04 22:45:28
443,Bukachacha,31.3525,27.2453,64.4,39,0,8.05,EG,2021-04-04 22:45:28
444,Tateyama,31.3525,27.2453,64.4,39,0,8.05,EG,2021-04-04 22:45:28
445,Smithers,31.3525,27.2453,64.4,39,0,8.05,EG,2021-04-04 22:45:28
446,Umm Lajj,31.3525,27.2453,64.4,39,0,8.05,EG,2021-04-04 22:45:28
447,Russkaya Polyana,31.3525,27.2453,64.4,39,0,8.05,EG,2021-04-04 22:45:28
448,Lorengau,31.3525,27.2453,64.4,39,0,8.05,EG,2021-04-04 22:45:28
449,Shinpokh,31.3525,27.2453,64.4,39,0,8.05,EG,2021-04-04 22:45:28
450,Molteno,-31.3968,26.3625,55.42,39,0,5.1,ZA,2021-04-04 22:45:32
451,Suntar,-31.3968,26.3625,55.42,39,0,5.1,ZA,2021-04-04 22:45:32
452,Klaksvik,-31.3968,26.3625,55.42,39,0,5.1,ZA,2021-04-04 22:45:32
453,Abilene,-31.3968,26.3625,55.42,39,0,5.1,ZA,2021-04-04 22:45:32
454,Rath,-31.3968,26.3625,55.42,39,0,5.1,ZA,2021-04-04 22:45:32
455,Icod De Los Vinos,-31.3968,26.3625,55.42,39,0,5.1,ZA,2021-04-04 22:45:32
456,Puerto Varas,-31.3968,26.3625,55.42,39,0,5.1,ZA,2021-04-04 22:45:32
457,Abha,-31.3968,26.3625,55.42,39,0,5.1,ZA,2021-04-04 22:45:32
458,Chore,-31.3968,26.3625,55.42,39,0,5.1,ZA,2021-04-04 22:45:32
459,Biloela,-31.3968,26.3625,55.42,39,0,5.1,ZA,2021-04-04 22:45:32
460,Dzhusaly,-31.3968,26.3625,55.42,39,0,5.1,ZA,2021-04-04 22:45:32
461,La Palma,-31.3968,26.3625,55.42,39,0,5.1,ZA,2021-04-04 22:45:32
462,Jinja,-31.3968,26.3625,55.42,39,0,5.1,ZA,2021-04-04 22:45:32
463,Ovsyanka,-31.3968,26.3625,55.42,39,0,5.1,ZA,2021-04-04 22:45:32
464,Izhma,-31.3968,26.3625,55.42,39,0,5.1,ZA,2021-04-04 22:45:32
465,San Vicente,-31.3968,26.3625,55.42,39,0,5.1,ZA,2021-04-04 22:45:32
466,Kohat,-31.3968,26.3625,55.42,39,0,5.1,ZA,2021-04-04 22:45:32
467,Anchorage,-31.3968,26.3625,55.42,39,0,5.1,ZA,2021-04-04 22:45:32
468,Sansai,-31.3968,26.3625,55.42,39,0,5.1,ZA,2021-04-04 22:45:32
469,Agirish,-31.3968,26.3625,55.42,39,0,5.1,ZA,2021-04-04 22:45:32
470,Kokstad,-31.3968,26.3625,55.42,39,0,5.1,ZA,2021-04-04 22:45:32
471,Russell,-31.3968,26.3625,55.42,39,0,5.1,ZA,2021-04-04 22:45:32
472,Linqiong,-31.3968,26.3625,55.42,39,0,5.1,ZA,2021-04-04 22:45:32
473,Arman,-31.3968,26.3625,55.42,39,0,5.1,ZA,2021-04-04 22:45:32
474,Lindenberg,-31.3968,26.3625,55.42,39,0,5.1,ZA,2021-04-04 22:45:32
475,Otjimbingwe,-31.3968,26.3625,55.42,39,0,5.1,ZA,2021-04-04 22:45:32
476,Port Macquarie,-31.3968,26.3625,55.42,39,0,5.1,ZA,2021-04-04 22:45:32
477,Amazar,-31.3968,26.3625,55.42,39,0,5.1,ZA,2021-04-04 22:45:32
478,Tecoanapa,-31.3968,26.3625,55.42,39,0,5.1,ZA,2021-04-04 22:45:32
479,Husavik,-31.3968,26.3625,55.42,39,0,5.1,ZA,2021-04-04 22:45:32
480,Bandarbeyla,-31.3968,26.3625,55.42,39,0,5.1,ZA,2021-04-04 22:45:32
481,Satitoa,-31.3968,26.3625,55.42,39,0,5.1,ZA,2021-04-04 22:45:32
482,Anadyr,-31.3968,26.3625,55.42,39,0,5.1,ZA,2021-04-04 22:45:32
483,Ocos,-31.3968,26.3625,55.42,39,0,5.1,ZA,2021-04-04 22:45:32
484,Savannah Bight,-31.3968,26.3625,55.42,39,0,5.1,ZA,2021-04-04 22:45:32
485,Kaspiyskiy,-31.3968,26.3625,55.42,39,0,5.1,ZA,2021-04-04 22:45:32
486,Egvekinot,-31.3968,26.3625,55.42,39,0,5.1,ZA,2021-04-04 22:45:32
487,Lazaro Cardenas,-31.3968,26.3625,55.42,39,0,5.1,ZA,2021-04-04 22:45:32
488,Kutum,-31.3968,26.3625,55.42,39,0,5.1,ZA,2021-04-04 22:45:32
489,Tabiauea,-31.3968,26.3625,55.42,39,0,5.1,ZA,2021-04-04 22:45:32
490,Dukhovshchina,-31.3968,26.3625,55.42,39,0,5.1,ZA,2021-04-04 22:45:32
491,Grand Forks,-31.3968,26.3625,55.42,39,0,5.1,ZA,2021-04-04 22:45:32
492,Northampton,-31.3968,26.3625,55.42,39,0,5.1,ZA,2021-04-04 22:45:32
493,Kaeo,-31.3968,26.3625,55.42,39,0,5.1,ZA,2021-04-04 22:45:32
494,Galveston,-31.3968,26.3625,55.42,39,0,5.1,ZA,2021-04-04 22:45:32
495,Tungor,-31.3968,26.3625,55.42,39,0,5.1,ZA,2021-04-04 22:45:32
496,Taseyevo,-31.3968,26.3625,55.42,39,0,5.1,ZA,2021-04-04 22:45:32
497,Ampanihy,-31.3968,26.3625,55.42,39,0,5.1,ZA,2021-04-04 22:45:32
498,Segovia,-31.3968,26.3625,55.42,39,0,5.1,ZA,2021-04-04 22:45:32
499,Ecoporanga,-31.3968,26.3625,55.42,39,0,5.1,ZA,2021-04-04 22:45:32
500,Chingirlau,51.095,54.0814,31.59,91,99,7.87,KZ,2021-04-04 22:45:35
501,Spornoye,51.095,54.0814,31.59,91,99,7.87,KZ,2021-04-04 22:45:35
502,Isla Mujeres,51.095,54.0814,31.59,91,99,7.87,KZ,2021-04-04 22:45:35
503,Aurillac,51.095,54.0814,31.59,91,99,7.87,KZ,2021-04-04 22:45:35
504,Nhulunbuy,51.095,54.0814,31.59,91,99,7.87,KZ,2021-04-04 22:45:35
505,Vila Velha,51.095,54.0814,31.59,91,99,7.87,KZ,2021-04-04 22:45:35
506,Sept-Iles,51.095,54.0814,31.59,91,99,7.87,KZ,2021-04-04 22:45:35
507,Standerton,51.095,54.0814,31.59,91,99,7.87,KZ,2021-04-04 22:45:35
508,Coquimbo,51.095,54.0814,31.59,91,99,7.87,KZ,2021-04-04 22:45:35
509,Bubaque,51.095,54.0814,31.59,91,99,7.87,KZ,2021-04-04 22:45:35
510,Boo,51.095,54.0814,31.59,91,99,7.87,KZ,2021-04-04 22:45:35
511,Inirida,51.095,54.0814,31.59,91,99,7.87,KZ,2021-04-04 22:45:35
512,Ayagoz,51.095,54.0814,31.59,91,99,7.87,KZ,2021-04-04 22:45:35
513,Pak Phanang,51.095,54.0814,31.59,91,99,7.87,KZ,2021-04-04 22:45:35
514,Tura,51.095,54.0814,31.59,91,99,7.87,KZ,2021-04-04 22:45:35
515,Tatvan,51.095,54.0814,31.59,91,99,7.87,KZ,2021-04-04 22:45:35
516,Axim,51.095,54.0814,31.59,91,99,7.87,KZ,2021-04-04 22:45:35
517,Nizhnevartovsk,51.095,54.0814,31.59,91,99,7.87,KZ,2021-04-04 22:45:35
518,Camocim,51.095,54.0814,31.59,91,99,7.87,KZ,2021-04-04 22:45:35
519,Requena,51.095,54.0814,31.59,91,99,7.87,KZ,2021-04-04 22:45:35
520,Nishihara,51.095,54.0814,31.59,91,99,7.87,KZ,2021-04-04 22:45:35
521,Westport,51.095,54.0814,31.59,91,99,7.87,KZ,2021-04-04 22:45:35
522,Hohoe,51.095,54.0814,31.59,91,99,7.87,KZ,2021-04-04 22:45:35
523,Hirapur,51.095,54.0814,31.59,91,99,7.87,KZ,2021-04-04 22:45:35
524,Luderitz,51.095,54.0814,31.59,91,99,7.87,KZ,2021-04-04 22:45:35
525,Bandundu,51.095,54.0814,31.59,91,99,7.87,KZ,2021-04-04 22:45:35
526,Ilek,51.095,54.0814,31.59,91,99,7.87,KZ,2021-04-04 22:45:35
527,Saint-Augustin,51.095,54.0814,31.59,91,99,7.87,KZ,2021-04-04 22:45:35
528,Sikasso,51.095,54.0814,31.59,91,99,7.87,KZ,2021-04-04 22:45:35
529,Karamken,51.095,54.0814,31.59,91,99,7.87,KZ,2021-04-04 22:45:35
530,Port-De-Paix,51.095,54.0814,31.59,91,99,7.87,KZ,2021-04-04 22:45:35
531,Rutland,51.095,54.0814,31.59,91,99,7.87,KZ,2021-04-04 22:45:35
532,Carayao,51.095,54.0814,31.59,91,99,7.87,KZ,2021-04-04 22:45:35
533,San Ramon,51.095,54.0814,31.59,91,99,7.87,KZ,2021-04-04 22:45:35
534,Arsikere,51.095,54.0814,31.59,91,99,7.87,KZ,2021-04-04 22:45:35
535,Hargeysa,51.095,54.0814,31.59,91,99,7.87,KZ,2021-04-04 22:45:35
536,Great Falls,51.095,54.0814,31.59,91,99,7.87,KZ,2021-04-04 22:45:35
537,Marsh Harbour,51.095,54.0814,31.59,91,99,7.87,KZ,2021-04-04 22:45:35
538,Iquitos,51.095,54.0814,31.59,91,99,7.87,KZ,2021-04-04 22:45:35
539,Gizo,51.095,54.0814,31.59,91,99,7.87,KZ,2021-04-04 22:45:35
540,Grindavik,51.095,54.0814,31.59,91,99,7.87,KZ,2021-04-04 22:45:35
541,Pathein,51.095,54.0814,31.59,91,99,7.87,KZ,2021-04-04 22:45:35
542,Sofiysk,51.095,54.0814,31.59,91,99,7.87,KZ,2021-04-04 22:45:35
543,Acapulco,51.095,54.0814,31.59,91,99,7.87,KZ,2021-04-04 22:45:35
544,Ketchikan,51.095,54.0814,31.59,91,99,7.87,KZ,2021-04-04 22:45:35
545,Atasu,51.095,54.0814,31.59,91,99,7.87,KZ,2021-04-04 22:45:35
546,Baykit,51.095,54.0814,31.59,91,99,7.87,KZ,2021-04-04 22:45:35
547,Alpena,51.095,54.0814,31.59,91,99,7.87,KZ,2021-04-04 22:45:35
548,Seka,51.095,54.0814,31.59,91,99,7.87,KZ,2021-04-04 22:45:35
549,Ahuimanu,51.095,54.0814,31.59,91,99,7.87,KZ,2021-04-04 22:45:35
550,Uray,60.1247,64.7758,33.57,99,100,4.68,RU,2021-04-04 22:45:38
551,Cagayan De Tawi-Tawi,60.1247,64.7758,33.57,99,100,4.68,RU,2021-04-04 22:45:38
552,Visby,60.1247,64.7758,33.57,99,100,4.68,RU,2021-04-04 22:45:38
553,Beloha,60.1247,64.7758,33.57,99,100,4.68,RU,2021-04-04 22:45:38
554,Kyra,60.1247,64.7758,33.57,99,100,4.68,RU,2021-04-04 22:45:38
555,Suda,60.1247,64.7758,33.57,99,100,4.68,RU,2021-04-04 22:45:38
556,Pharr,60.1247,64.7758,33.57,99,100,4.68,RU,2021-04-04 22:45:38
557,Puerto Escondido,60.1247,64.7758,33.57,99,100,4.68,RU,2021-04-04 22:45:38
558,San Lawrenz,60.1247,64.7758,33.57,99,100,4.68,RU,2021-04-04 22:45:38
559,Nichinan,60.1247,64.7758,33.57,99,100,4.68,RU,2021-04-04 22:45:38
560,Mutsamudu,60.1247,64.7758,33.57,99,100,4.68,RU,2021-04-04 22:45:38
561,Cabedelo,60.1247,64.7758,33.57,99,100,4.68,RU,2021-04-04 22:45:38
562,Fano,60.1247,64.7758,33.57,99,100,4.68,RU,2021-04-04 22:45:38
563,Garowe,60.1247,64.7758,33.57,99,100,4.68,RU,2021-04-04 22:45:38
564,Ajuchitlan,60.1247,64.7758,33.57,99,100,4.68,RU,2021-04-04 22:45:38
565,Aasiaat,60.1247,64.7758,33.57,99,100,4.68,RU,2021-04-04 22:45:38
566,Emba,60.1247,64.7758,33.57,99,100,4.68,RU,2021-04-04 22:45:38
567,Irbeyskoye,60.1247,64.7758,33.57,99,100,4.68,RU,2021-04-04 22:45:38
568,Sinegorye,60.1247,64.7758,33.57,99,100,4.68,RU,2021-04-04 22:45:38
569,Hobyo,60.1247,64.7758,33.57,99,100,4.68,RU,2021-04-04 22:45:38
570,Cap Malheureux,60.1247,64.7758,33.57,99,100,4.68,RU,2021-04-04 22:45:38
571,Lima,60.1247,64.7758,33.57,99,100,4.68,RU,2021-04-04 22:45:38
